[{"model": "admin.logentry", "pk": 1, "fields": {"action_time": "2023-03-24T19:16:12.003Z", "user": 1, "content_type": 8, "object_id": "1", "object_repr": "Game object (1)", "action_flag": 1, "change_message": "[{\"added\": {}}]"}}, {"model": "admin.logentry", "pk": 2, "fields": {"action_time": "2023-03-24T19:23:20.303Z", "user": 1, "content_type": 7, "object_id": "1", "object_repr": "Sheet object (1)", "action_flag": 1, "change_message": "[{\"added\": {}}]"}}, {"model": "admin.logentry", "pk": 3, "fields": {"action_time": "2023-03-24T19:31:50.964Z", "user": 1, "content_type": 7, "object_id": "1", "object_repr": "Sheet object (1)", "action_flag": 2, "change_message": "[{\"changed\": {\"fields\": [\"Image\"]}}]"}}, {"model": "admin.logentry", "pk": 4, "fields": {"action_time": "2023-03-24T19:33:36.687Z", "user": 1, "content_type": 7, "object_id": "1", "object_repr": "The American (The Between)", "action_flag": 3, "change_message": ""}}, {"model": "admin.logentry", "pk": 5, "fields": {"action_time": "2023-03-24T19:34:31.016Z", "user": 1, "content_type": 7, "object_id": "2", "object_repr": "The American (The Between)", "action_flag": 1, "change_message": "[{\"added\": {}}]"}}, {"model": "admin.logentry", "pk": 6, "fields": {"action_time": "2023-03-28T16:42:41.262Z", "user": 1, "content_type": 7, "object_id": "3", "object_repr": "The Undeniable (The Between)", "action_flag": 1, "change_message": "[{\"added\": {}}]"}}, {"model": "admin.logentry", "pk": 7, "fields": {"action_time": "2023-03-29T19:08:32.491Z", "user": 1, "content_type": 7, "object_id": "2", "object_repr": "The American - Page 1 (The Between)", "action_flag": 2, "change_message": "[{\"changed\": {\"fields\": [\"Name\", \"Image\"]}}]"}}, {"model": "admin.logentry", "pk": 8, "fields": {"action_time": "2023-03-30T19:08:38.692Z", "user": 1, "content_type": 10, "object_id": "9", "object_repr": "Box object (9)", "action_flag": 2, "change_message": "[{\"changed\": {\"fields\": [\"Group\"]}}]"}}, {"model": "admin.logentry", "pk": 9, "fields": {"action_time": "2023-03-30T19:10:53.968Z", "user": 1, "content_type": 10, "object_id": "1", "object_repr": "Box object (1)", "action_flag": 2, "change_message": "[{\"changed\": {\"fields\": [\"Group\"]}}]"}}, {"model": "admin.logentry", "pk": 10, "fields": {"action_time": "2023-03-30T19:11:05.992Z", "user": 1, "content_type": 10, "object_id": "2", "object_repr": "Box object (2)", "action_flag": 2, "change_message": "[{\"changed\": {\"fields\": [\"Group\"]}}]"}}, {"model": "admin.logentry", "pk": 11, "fields": {"action_time": "2023-03-30T19:11:14.606Z", "user": 1, "content_type": 10, "object_id": "3", "object_repr": "Box object (3)", "action_flag": 2, "change_message": "[{\"changed\": {\"fields\": [\"Group\"]}}]"}}, {"model": "admin.logentry", "pk": 12, "fields": {"action_time": "2023-03-30T19:11:30.773Z", "user": 1, "content_type": 10, "object_id": "8", "object_repr": "Box object (8)", "action_flag": 2, "change_message": "[{\"changed\": {\"fields\": [\"Group\"]}}]"}}, {"model": "admin.logentry", "pk": 13, "fields": {"action_time": "2023-03-30T19:11:40.325Z", "user": 1, "content_type": 10, "object_id": "7", "object_repr": "Box object (7)", "action_flag": 2, "change_message": "[{\"changed\": {\"fields\": [\"Group\"]}}]"}}, {"model": "admin.logentry", "pk": 14, "fields": {"action_time": "2023-03-30T19:11:48.406Z", "user": 1, "content_type": 10, "object_id": "6", "object_repr": "Box object (6)", "action_flag": 2, "change_message": "[{\"changed\": {\"fields\": [\"Group\"]}}]"}}, {"model": "admin.logentry", "pk": 15, "fields": {"action_time": "2023-03-30T19:12:04.082Z", "user": 1, "content_type": 10, "object_id": "12", "object_repr": "Box object (12)", "action_flag": 3, "change_message": ""}}, {"model": "admin.logentry", "pk": 16, "fields": {"action_time": "2023-03-30T19:12:04.085Z", "user": 1, "content_type": 10, "object_id": "11", "object_repr": "Box object (11)", "action_flag": 3, "change_message": ""}}, {"model": "admin.logentry", "pk": 17, "fields": {"action_time": "2023-03-30T19:12:04.086Z", "user": 1, "content_type": 10, "object_id": "10", "object_repr": "Box object (10)", "action_flag": 3, "change_message": ""}}, {"model": "admin.logentry", "pk": 18, "fields": {"action_time": "2023-03-30T19:12:04.089Z", "user": 1, "content_type": 10, "object_id": "9", "object_repr": "Box object (9)", "action_flag": 3, "change_message": ""}}, {"model": "admin.logentry", "pk": 19, "fields": {"action_time": "2023-03-30T19:12:04.091Z", "user": 1, "content_type": 10, "object_id": "8", "object_repr": "Box object (8)", "action_flag": 3, "change_message": ""}}, {"model": "admin.logentry", "pk": 20, "fields": {"action_time": "2023-03-30T19:12:04.092Z", "user": 1, "content_type": 10, "object_id": "7", "object_repr": "Box object (7)", "action_flag": 3, "change_message": ""}}, {"model": "admin.logentry", "pk": 21, "fields": {"action_time": "2023-03-30T19:12:04.093Z", "user": 1, "content_type": 10, "object_id": "6", "object_repr": "Box object (6)", "action_flag": 3, "change_message": ""}}, {"model": "admin.logentry", "pk": 22, "fields": {"action_time": "2023-03-30T19:12:04.094Z", "user": 1, "content_type": 10, "object_id": "5", "object_repr": "Box object (5)", "action_flag": 3, "change_message": ""}}, {"model": "admin.logentry", "pk": 23, "fields": {"action_time": "2023-03-30T19:12:04.095Z", "user": 1, "content_type": 10, "object_id": "4", "object_repr": "Box object (4)", "action_flag": 3, "change_message": ""}}, {"model": "admin.logentry", "pk": 24, "fields": {"action_time": "2023-03-30T19:12:04.096Z", "user": 1, "content_type": 10, "object_id": "3", "object_repr": "Box object (3)", "action_flag": 3, "change_message": ""}}, {"model": "admin.logentry", "pk": 25, "fields": {"action_time": "2023-03-30T19:12:04.097Z", "user": 1, "content_type": 10, "object_id": "2", "object_repr": "Box object (2)", "action_flag": 3, "change_message": ""}}, {"model": "admin.logentry", "pk": 26, "fields": {"action_time": "2023-03-30T19:12:04.098Z", "user": 1, "content_type": 10, "object_id": "1", "object_repr": "Box object (1)", "action_flag": 3, "change_message": ""}}, {"model": "admin.logentry", "pk": 27, "fields": {"action_time": "2023-03-31T17:43:54.477Z", "user": 1, "content_type": 10, "object_id": "25", "object_repr": "Box object (25)", "action_flag": 1, "change_message": "[{\"added\": {}}]"}}, {"model": "admin.logentry", "pk": 28, "fields": {"action_time": "2023-04-02T11:30:31.224Z", "user": 1, "content_type": 10, "object_id": "21", "object_repr": "Conditions (2 - Conditions)", "action_flag": 3, "change_message": ""}}, {"model": "admin.logentry", "pk": 29, "fields": {"action_time": "2023-04-02T11:40:06.290Z", "user": 1, "content_type": 11, "object_id": "10", "object_repr": "BoxPosition object (10)", "action_flag": 3, "change_message": ""}}, {"model": "admin.logentry", "pk": 30, "fields": {"action_time": "2023-04-02T11:40:06.295Z", "user": 1, "content_type": 11, "object_id": "5", "object_repr": "BoxPosition object (5)", "action_flag": 3, "change_message": ""}}, {"model": "admin.logentry", "pk": 31, "fields": {"action_time": "2023-04-02T11:40:06.297Z", "user": 1, "content_type": 11, "object_id": "2", "object_repr": "BoxPosition object (2)", "action_flag": 3, "change_message": ""}}, {"model": "admin.logentry", "pk": 32, "fields": {"action_time": "2023-04-02T16:44:38.936Z", "user": 1, "content_type": 11, "object_id": "16", "object_repr": "BoxPosition object (16)", "action_flag": 3, "change_message": ""}}, {"model": "admin.logentry", "pk": 33, "fields": {"action_time": "2023-04-02T16:44:38.939Z", "user": 1, "content_type": 11, "object_id": "15", "object_repr": "BoxPosition object (15)", "action_flag": 3, "change_message": ""}}, {"model": "admin.logentry", "pk": 34, "fields": {"action_time": "2023-04-02T16:44:38.941Z", "user": 1, "content_type": 11, "object_id": "14", "object_repr": "BoxPosition object (14)", "action_flag": 3, "change_message": ""}}, {"model": "admin.logentry", "pk": 35, "fields": {"action_time": "2023-04-02T16:44:38.942Z", "user": 1, "content_type": 11, "object_id": "13", "object_repr": "BoxPosition object (13)", "action_flag": 3, "change_message": ""}}, {"model": "admin.logentry", "pk": 36, "fields": {"action_time": "2023-04-02T16:44:38.943Z", "user": 1, "content_type": 11, "object_id": "12", "object_repr": "BoxPosition object (12)", "action_flag": 3, "change_message": ""}}, {"model": "admin.logentry", "pk": 37, "fields": {"action_time": "2023-04-02T16:44:38.944Z", "user": 1, "content_type": 11, "object_id": "11", "object_repr": "BoxPosition object (11)", "action_flag": 3, "change_message": ""}}, {"model": "admin.logentry", "pk": 38, "fields": {"action_time": "2023-04-02T16:44:38.945Z", "user": 1, "content_type": 11, "object_id": "9", "object_repr": "BoxPosition object (9)", "action_flag": 3, "change_message": ""}}, {"model": "admin.logentry", "pk": 39, "fields": {"action_time": "2023-04-02T16:44:38.946Z", "user": 1, "content_type": 11, "object_id": "8", "object_repr": "BoxPosition object (8)", "action_flag": 3, "change_message": ""}}, {"model": "admin.logentry", "pk": 40, "fields": {"action_time": "2023-04-02T16:44:38.947Z", "user": 1, "content_type": 11, "object_id": "7", "object_repr": "BoxPosition object (7)", "action_flag": 3, "change_message": ""}}, {"model": "admin.logentry", "pk": 41, "fields": {"action_time": "2023-04-02T16:44:38.947Z", "user": 1, "content_type": 11, "object_id": "6", "object_repr": "BoxPosition object (6)", "action_flag": 3, "change_message": ""}}, {"model": "admin.logentry", "pk": 42, "fields": {"action_time": "2023-04-02T16:44:38.948Z", "user": 1, "content_type": 11, "object_id": "4", "object_repr": "BoxPosition object (4)", "action_flag": 3, "change_message": ""}}, {"model": "admin.logentry", "pk": 43, "fields": {"action_time": "2023-04-02T16:44:38.949Z", "user": 1, "content_type": 11, "object_id": "3", "object_repr": "BoxPosition object (3)", "action_flag": 3, "change_message": ""}}, {"model": "admin.logentry", "pk": 44, "fields": {"action_time": "2023-04-02T16:44:38.950Z", "user": 1, "content_type": 11, "object_id": "1", "object_repr": "BoxPosition object (1)", "action_flag": 3, "change_message": ""}}, {"model": "admin.logentry", "pk": 45, "fields": {"action_time": "2023-04-02T16:44:45.874Z", "user": 1, "content_type": 10, "object_id": "27", "object_repr": "Item (5 - Personal Quarters)", "action_flag": 3, "change_message": ""}}, {"model": "admin.logentry", "pk": 46, "fields": {"action_time": "2023-04-02T16:44:45.877Z", "user": 1, "content_type": 10, "object_id": "26", "object_repr": "Condition (2 - Conditions)", "action_flag": 3, "change_message": ""}}, {"model": "admin.logentry", "pk": 47, "fields": {"action_time": "2023-04-02T16:44:45.879Z", "user": 1, "content_type": 10, "object_id": "25", "object_repr": "Choose an additional move from your playbook (4 - Advancements)", "action_flag": 3, "change_message": ""}}, {"model": "admin.logentry", "pk": 48, "fields": {"action_time": "2023-04-02T16:44:45.881Z", "user": 1, "content_type": 10, "object_id": "24", "object_repr": "Write a custom move for your character. (4 - Advancements)", "action_flag": 3, "change_message": ""}}, {"model": "admin.logentry", "pk": 49, "fields": {"action_time": "2023-04-02T16:44:45.884Z", "user": 1, "content_type": 10, "object_id": "23", "object_repr": "Increase an ability modifier by 1 (max +3) (4 - Advancements)", "action_flag": 3, "change_message": ""}}, {"model": "admin.logentry", "pk": 50, "fields": {"action_time": "2023-04-02T16:44:45.886Z", "user": 1, "content_type": 10, "object_id": "22", "object_repr": "XP (3 - XP)", "action_flag": 3, "change_message": ""}}, {"model": "admin.logentry", "pk": 51, "fields": {"action_time": "2023-04-02T16:44:45.887Z", "user": 1, "content_type": 10, "object_id": "20", "object_repr": "Sensitivity (1 - Abilities)", "action_flag": 3, "change_message": ""}}, {"model": "admin.logentry", "pk": 52, "fields": {"action_time": "2023-04-02T16:44:45.888Z", "user": 1, "content_type": 10, "object_id": "19", "object_repr": "Presence (1 - Abilities)", "action_flag": 3, "change_message": ""}}, {"model": "admin.logentry", "pk": 53, "fields": {"action_time": "2023-04-02T16:44:45.890Z", "user": 1, "content_type": 10, "object_id": "18", "object_repr": "Reason (1 - Abilities)", "action_flag": 3, "change_message": ""}}, {"model": "admin.logentry", "pk": 54, "fields": {"action_time": "2023-04-02T16:44:45.891Z", "user": 1, "content_type": 10, "object_id": "17", "object_repr": "Composure (1 - Abilities)", "action_flag": 3, "change_message": ""}}, {"model": "admin.logentry", "pk": 55, "fields": {"action_time": "2023-04-02T16:44:45.892Z", "user": 1, "content_type": 10, "object_id": "16", "object_repr": "Vitality (1 - Abilities)", "action_flag": 3, "change_message": ""}}, {"model": "admin.logentry", "pk": 56, "fields": {"action_time": "2023-04-02T16:44:45.894Z", "user": 1, "content_type": 10, "object_id": "15", "object_repr": "Vice (0 - Basics)", "action_flag": 3, "change_message": ""}}, {"model": "admin.logentry", "pk": 57, "fields": {"action_time": "2023-04-02T16:44:45.895Z", "user": 1, "content_type": 10, "object_id": "14", "object_repr": "Look (0 - Basics)", "action_flag": 3, "change_message": ""}}, {"model": "admin.logentry", "pk": 58, "fields": {"action_time": "2023-04-02T16:44:45.896Z", "user": 1, "content_type": 10, "object_id": "13", "object_repr": "Name (0 - Basics)", "action_flag": 3, "change_message": ""}}, {"model": "admin.logentry", "pk": 59, "fields": {"action_time": "2023-04-02T17:18:36.616Z", "user": 1, "content_type": 10, "object_id": "36", "object_repr": "Condition (2 - Conditions)", "action_flag": 2, "change_message": "[{\"changed\": {\"fields\": [\"Adjustable width\"]}}]"}}, {"model": "admin.logentry", "pk": 60, "fields": {"action_time": "2023-04-03T04:23:46.726Z", "user": 1, "content_type": 12, "object_id": "1", "object_repr": "Player object (1)", "action_flag": 1, "change_message": "[{\"added\": {}}]"}}, {"model": "admin.logentry", "pk": 61, "fields": {"action_time": "2023-04-03T04:23:50.070Z", "user": 1, "content_type": 12, "object_id": "2", "object_repr": "Player object (2)", "action_flag": 1, "change_message": "[{\"added\": {}}]"}}, {"model": "admin.logentry", "pk": 62, "fields": {"action_time": "2023-04-03T04:24:06.961Z", "user": 1, "content_type": 13, "object_id": "1", "object_repr": "Play object (1)", "action_flag": 1, "change_message": "[{\"added\": {}}]"}}, {"model": "admin.logentry", "pk": 63, "fields": {"action_time": "2023-04-03T05:17:08.444Z", "user": 1, "content_type": 7, "object_id": "4", "object_repr": "The Reference (The Between)", "action_flag": 1, "change_message": "[{\"added\": {}}]"}}, {"model": "admin.logentry", "pk": 64, "fields": {"action_time": "2023-04-03T05:18:39.601Z", "user": 1, "content_type": 7, "object_id": "5", "object_repr": "The American - Page 2 (The Between)", "action_flag": 1, "change_message": "[{\"added\": {}}]"}}, {"model": "admin.logentry", "pk": 65, "fields": {"action_time": "2023-04-03T05:21:28.591Z", "user": 1, "content_type": 9, "object_id": "1", "object_repr": "Playbook object (1)", "action_flag": 1, "change_message": "[{\"added\": {}}]"}}, {"model": "admin.logentry", "pk": 66, "fields": {"action_time": "2023-04-03T07:20:42.492Z", "user": 1, "content_type": 13, "object_id": "2", "object_repr": "Play object (2)", "action_flag": 1, "change_message": "[{\"added\": {}}]"}}, {"model": "admin.logentry", "pk": 67, "fields": {"action_time": "2023-04-03T07:32:04.450Z", "user": 1, "content_type": 14, "object_id": "1", "object_repr": "No name", "action_flag": 1, "change_message": "[{\"added\": {}}]"}}, {"model": "admin.logentry", "pk": 68, "fields": {"action_time": "2023-04-03T07:32:21.102Z", "user": 1, "content_type": 14, "object_id": "1", "object_repr": "Canon Foder", "action_flag": 2, "change_message": "[{\"changed\": {\"fields\": [\"Values\"]}}]"}}, {"model": "admin.logentry", "pk": 69, "fields": {"action_time": "2023-04-03T11:11:27.369Z", "user": 1, "content_type": 7, "object_id": "4", "object_repr": "The Reference (The Between)", "action_flag": 2, "change_message": "[{\"changed\": {\"fields\": [\"Image\"]}}]"}}, {"model": "admin.logentry", "pk": 70, "fields": {"action_time": "2023-04-03T11:11:46.285Z", "user": 1, "content_type": 7, "object_id": "4", "object_repr": "The Reference (The Between)", "action_flag": 2, "change_message": "[{\"changed\": {\"fields\": [\"Image\"]}}]"}}, {"model": "admin.logentry", "pk": 71, "fields": {"action_time": "2023-04-03T11:14:52.363Z", "user": 1, "content_type": 7, "object_id": "3", "object_repr": "The Undeniable (The Between)", "action_flag": 3, "change_message": ""}}, {"model": "admin.logentry", "pk": 72, "fields": {"action_time": "2023-04-03T11:14:57.899Z", "user": 1, "content_type": 7, "object_id": "2", "object_repr": "The American - Page 1 (The Between)", "action_flag": 2, "change_message": "[{\"changed\": {\"fields\": [\"Image\"]}}]"}}, {"model": "admin.logentry", "pk": 73, "fields": {"action_time": "2023-04-03T11:15:06.950Z", "user": 1, "content_type": 7, "object_id": "5", "object_repr": "The American - Page 2 (The Between)", "action_flag": 2, "change_message": "[{\"changed\": {\"fields\": [\"Image\"]}}]"}}, {"model": "admin.logentry", "pk": 74, "fields": {"action_time": "2023-04-03T11:15:32.224Z", "user": 1, "content_type": 7, "object_id": "2", "object_repr": "The American - Page 1 (The Between)", "action_flag": 2, "change_message": "[{\"changed\": {\"fields\": [\"Image\"]}}]"}}, {"model": "admin.logentry", "pk": 75, "fields": {"action_time": "2023-04-03T11:15:41.362Z", "user": 1, "content_type": 7, "object_id": "5", "object_repr": "The American - Page 2 (The Between)", "action_flag": 2, "change_message": "[{\"changed\": {\"fields\": [\"Image\"]}}]"}}, {"model": "admin.logentry", "pk": 76, "fields": {"action_time": "2023-04-03T11:24:16.562Z", "user": 1, "content_type": 10, "object_id": "28", "object_repr": "Name (0 - Basics)", "action_flag": 2, "change_message": "[{\"changed\": {\"fields\": [\"Sort order\"]}}]"}}, {"model": "admin.logentry", "pk": 77, "fields": {"action_time": "2023-04-03T11:24:29.143Z", "user": 1, "content_type": 10, "object_id": "29", "object_repr": "Look (0 - Basics)", "action_flag": 2, "change_message": "[{\"changed\": {\"fields\": [\"Sort order\"]}}]"}}, {"model": "admin.logentry", "pk": 78, "fields": {"action_time": "2023-04-03T11:24:37.310Z", "user": 1, "content_type": 10, "object_id": "30", "object_repr": "Vice (0 - Basics)", "action_flag": 2, "change_message": "[{\"changed\": {\"fields\": [\"Sort order\"]}}]"}}, {"model": "admin.logentry", "pk": 79, "fields": {"action_time": "2023-04-03T11:25:10.195Z", "user": 1, "content_type": 10, "object_id": "31", "object_repr": "Vitality (1 - Abilities)", "action_flag": 2, "change_message": "[{\"changed\": {\"fields\": [\"Sort order\"]}}]"}}, {"model": "admin.logentry", "pk": 80, "fields": {"action_time": "2023-04-03T11:25:17.977Z", "user": 1, "content_type": 10, "object_id": "32", "object_repr": "Composure (1 - Abilities)", "action_flag": 2, "change_message": "[{\"changed\": {\"fields\": [\"Sort order\"]}}]"}}, {"model": "admin.logentry", "pk": 81, "fields": {"action_time": "2023-04-03T11:25:25.343Z", "user": 1, "content_type": 10, "object_id": "33", "object_repr": "Reason (1 - Abilities)", "action_flag": 2, "change_message": "[{\"changed\": {\"fields\": [\"Sort order\"]}}]"}}, {"model": "admin.logentry", "pk": 82, "fields": {"action_time": "2023-04-03T11:25:33.800Z", "user": 1, "content_type": 10, "object_id": "34", "object_repr": "Presence (1 - Abilities)", "action_flag": 2, "change_message": "[{\"changed\": {\"fields\": [\"Sort order\"]}}]"}}, {"model": "admin.logentry", "pk": 83, "fields": {"action_time": "2023-04-03T11:25:43.610Z", "user": 1, "content_type": 10, "object_id": "35", "object_repr": "Sensitivity (1 - Abilities)", "action_flag": 2, "change_message": "[{\"changed\": {\"fields\": [\"Sort order\"]}}]"}}, {"model": "admin.logentry", "pk": 84, "fields": {"action_time": "2023-04-03T13:07:36.396Z", "user": 1, "content_type": 9, "object_id": "1", "object_repr": "The American (The Between)", "action_flag": 2, "change_message": "[{\"changed\": {\"fields\": [\"Description\"]}}]"}}, {"model": "admin.logentry", "pk": 85, "fields": {"action_time": "2023-04-03T14:19:19.738Z", "user": 1, "content_type": 14, "object_id": "1", "object_repr": "No name", "action_flag": 2, "change_message": "[{\"changed\": {\"fields\": [\"Values\"]}}]"}}, {"model": "admin.logentry", "pk": 86, "fields": {"action_time": "2023-04-04T18:19:10.081Z", "user": 1, "content_type": 14, "object_id": "1", "object_repr": "Canon Foder", "action_flag": 2, "change_message": "[{\"changed\": {\"fields\": [\"Values\"]}}]"}}, {"model": "admin.logentry", "pk": 87, "fields": {"action_time": "2023-04-07T14:08:20.590Z", "user": 1, "content_type": 10, "object_id": "41", "object_repr": "Did the hunters answer a Question? (3 - Dawn Questions)", "action_flag": 1, "change_message": "[{\"added\": {}}]"}}, {"model": "admin.logentry", "pk": 88, "fields": {"action_time": "2023-04-07T14:08:44.032Z", "user": 1, "content_type": 10, "object_id": "37", "object_repr": "XP (4 - XP)", "action_flag": 2, "change_message": "[{\"changed\": {\"fields\": [\"Group\"]}}]"}}, {"model": "admin.logentry", "pk": 89, "fields": {"action_time": "2023-04-07T14:08:54.300Z", "user": 1, "content_type": 10, "object_id": "38", "object_repr": "Increase an ability modifier by 1 (max +3) (5 - Advancements)", "action_flag": 2, "change_message": "[{\"changed\": {\"fields\": [\"Group\"]}}]"}}, {"model": "admin.logentry", "pk": 90, "fields": {"action_time": "2023-04-07T14:09:05.345Z", "user": 1, "content_type": 10, "object_id": "39", "object_repr": "Write a custom move for your character. (5 - Advancements)", "action_flag": 2, "change_message": "[{\"changed\": {\"fields\": [\"Group\"]}}]"}}, {"model": "admin.logentry", "pk": 91, "fields": {"action_time": "2023-04-07T14:09:15.448Z", "user": 1, "content_type": 10, "object_id": "40", "object_repr": "Item (6 - Personal Quarters)", "action_flag": 2, "change_message": "[{\"changed\": {\"fields\": [\"Group\"]}}]"}}, {"model": "admin.logentry", "pk": 92, "fields": {"action_time": "2023-04-07T14:10:25.805Z", "user": 1, "content_type": 10, "object_id": "42", "object_repr": "Did the hunters resolve a Threat? (3 - Dawn Questions)", "action_flag": 1, "change_message": "[{\"added\": {}}]"}}, {"model": "admin.logentry", "pk": 93, "fields": {"action_time": "2023-04-07T14:11:07.155Z", "user": 1, "content_type": 10, "object_id": "43", "object_repr": "Did you experience an Echo in the Night? (3 - Dawn Questions)", "action_flag": 1, "change_message": "[{\"added\": {}}]"}}, {"model": "admin.logentry", "pk": 94, "fields": {"action_time": "2023-04-07T14:12:45.147Z", "user": 1, "content_type": 10, "object_id": "41", "object_repr": "Did the hunters answer a Question? (3 - Dawn Questions)", "action_flag": 2, "change_message": "[{\"changed\": {\"fields\": [\"Meta\"]}}]"}}, {"model": "admin.logentry", "pk": 95, "fields": {"action_time": "2023-04-07T14:13:10.300Z", "user": 1, "content_type": 10, "object_id": "42", "object_repr": "Did the hunters resolve a Threat? (3 - Dawn Questions)", "action_flag": 2, "change_message": "[{\"changed\": {\"fields\": [\"Meta\"]}}]"}}, {"model": "admin.logentry", "pk": 96, "fields": {"action_time": "2023-04-07T14:13:20.035Z", "user": 1, "content_type": 10, "object_id": "43", "object_repr": "Did you experience an Echo in the Night? (3 - Dawn Questions)", "action_flag": 2, "change_message": "[{\"changed\": {\"fields\": [\"Meta\"]}}]"}}, {"model": "admin.logentry", "pk": 97, "fields": {"action_time": "2023-04-07T14:17:58.137Z", "user": 1, "content_type": 10, "object_id": "44", "object_repr": "Did you stick out in London society for all the wrong reasons? (3 - Dawn Questions)", "action_flag": 1, "change_message": "[{\"added\": {}}]"}}, {"model": "admin.logentry", "pk": 98, "fields": {"action_time": "2023-04-07T14:48:03.193Z", "user": 1, "content_type": 10, "object_id": "45", "object_repr": "X (7 - The Mask of the Past)", "action_flag": 1, "change_message": "[{\"added\": {}}]"}}, {"model": "admin.logentry", "pk": 99, "fields": {"action_time": "2023-04-07T14:48:38.926Z", "user": 1, "content_type": 10, "object_id": "46", "object_repr": "X (8 - The Mask of the Future)", "action_flag": 1, "change_message": "[{\"added\": {}}]"}}, {"model": "admin.logentry", "pk": 100, "fields": {"action_time": "2023-04-07T14:48:56.406Z", "user": 1, "content_type": 10, "object_id": "37", "object_repr": "X (4 - XP)", "action_flag": 2, "change_message": "[{\"changed\": {\"fields\": [\"Name\"]}}]"}}, {"model": "admin.logentry", "pk": 101, "fields": {"action_time": "2023-04-07T14:51:24.752Z", "user": 1, "content_type": 10, "object_id": "47", "object_repr": "Notes (10 - Notes)", "action_flag": 1, "change_message": "[{\"added\": {}}]"}}, {"model": "admin.logentry", "pk": 102, "fields": {"action_time": "2023-04-07T14:52:03.551Z", "user": 1, "content_type": 10, "object_id": "47", "object_repr": "Notes (A - Notes)", "action_flag": 2, "change_message": "[{\"changed\": {\"fields\": [\"Group\"]}}]"}}, {"model": "admin.logentry", "pk": 103, "fields": {"action_time": "2023-04-07T14:56:39.025Z", "user": 1, "content_type": 10, "object_id": "47", "object_repr": "Notes (A - Notes)", "action_flag": 2, "change_message": "[{\"changed\": {\"fields\": [\"Adjustable width\", \"Adjustable height\"]}}]"}}, {"model": "auth.permission", "pk": 1, "fields": {"name": "Can add log entry", "content_type": 1, "codename": "add_logentry"}}, {"model": "auth.permission", "pk": 2, "fields": {"name": "Can change log entry", "content_type": 1, "codename": "change_logentry"}}, {"model": "auth.permission", "pk": 3, "fields": {"name": "Can delete log entry", "content_type": 1, "codename": "delete_logentry"}}, {"model": "auth.permission", "pk": 4, "fields": {"name": "Can view log entry", "content_type": 1, "codename": "view_logentry"}}, {"model": "auth.permission", "pk": 5, "fields": {"name": "Can add permission", "content_type": 2, "codename": "add_permission"}}, {"model": "auth.permission", "pk": 6, "fields": {"name": "Can change permission", "content_type": 2, "codename": "change_permission"}}, {"model": "auth.permission", "pk": 7, "fields": {"name": "Can delete permission", "content_type": 2, "codename": "delete_permission"}}, {"model": "auth.permission", "pk": 8, "fields": {"name": "Can view permission", "content_type": 2, "codename": "view_permission"}}, {"model": "auth.permission", "pk": 9, "fields": {"name": "Can add group", "content_type": 3, "codename": "add_group"}}, {"model": "auth.permission", "pk": 10, "fields": {"name": "Can change group", "content_type": 3, "codename": "change_group"}}, {"model": "auth.permission", "pk": 11, "fields": {"name": "Can delete group", "content_type": 3, "codename": "delete_group"}}, {"model": "auth.permission", "pk": 12, "fields": {"name": "Can view group", "content_type": 3, "codename": "view_group"}}, {"model": "auth.permission", "pk": 13, "fields": {"name": "Can add user", "content_type": 4, "codename": "add_user"}}, {"model": "auth.permission", "pk": 14, "fields": {"name": "Can change user", "content_type": 4, "codename": "change_user"}}, {"model": "auth.permission", "pk": 15, "fields": {"name": "Can delete user", "content_type": 4, "codename": "delete_user"}}, {"model": "auth.permission", "pk": 16, "fields": {"name": "Can view user", "content_type": 4, "codename": "view_user"}}, {"model": "auth.permission", "pk": 17, "fields": {"name": "Can add content type", "content_type": 5, "codename": "add_contenttype"}}, {"model": "auth.permission", "pk": 18, "fields": {"name": "Can change content type", "content_type": 5, "codename": "change_contenttype"}}, {"model": "auth.permission", "pk": 19, "fields": {"name": "Can delete content type", "content_type": 5, "codename": "delete_contenttype"}}, {"model": "auth.permission", "pk": 20, "fields": {"name": "Can view content type", "content_type": 5, "codename": "view_contenttype"}}, {"model": "auth.permission", "pk": 21, "fields": {"name": "Can add session", "content_type": 6, "codename": "add_session"}}, {"model": "auth.permission", "pk": 22, "fields": {"name": "Can change session", "content_type": 6, "codename": "change_session"}}, {"model": "auth.permission", "pk": 23, "fields": {"name": "Can delete session", "content_type": 6, "codename": "delete_session"}}, {"model": "auth.permission", "pk": 24, "fields": {"name": "Can view session", "content_type": 6, "codename": "view_session"}}, {"model": "auth.permission", "pk": 25, "fields": {"name": "Can add sheet", "content_type": 7, "codename": "add_sheet"}}, {"model": "auth.permission", "pk": 26, "fields": {"name": "Can change sheet", "content_type": 7, "codename": "change_sheet"}}, {"model": "auth.permission", "pk": 27, "fields": {"name": "Can delete sheet", "content_type": 7, "codename": "delete_sheet"}}, {"model": "auth.permission", "pk": 28, "fields": {"name": "Can view sheet", "content_type": 7, "codename": "view_sheet"}}, {"model": "auth.permission", "pk": 29, "fields": {"name": "Can add game", "content_type": 8, "codename": "add_game"}}, {"model": "auth.permission", "pk": 30, "fields": {"name": "Can change game", "content_type": 8, "codename": "change_game"}}, {"model": "auth.permission", "pk": 31, "fields": {"name": "Can delete game", "content_type": 8, "codename": "delete_game"}}, {"model": "auth.permission", "pk": 32, "fields": {"name": "Can view game", "content_type": 8, "codename": "view_game"}}, {"model": "auth.permission", "pk": 33, "fields": {"name": "Can add playbook", "content_type": 9, "codename": "add_playbook"}}, {"model": "auth.permission", "pk": 34, "fields": {"name": "Can change playbook", "content_type": 9, "codename": "change_playbook"}}, {"model": "auth.permission", "pk": 35, "fields": {"name": "Can delete playbook", "content_type": 9, "codename": "delete_playbook"}}, {"model": "auth.permission", "pk": 36, "fields": {"name": "Can view playbook", "content_type": 9, "codename": "view_playbook"}}, {"model": "auth.permission", "pk": 37, "fields": {"name": "Can add box", "content_type": 10, "codename": "add_box"}}, {"model": "auth.permission", "pk": 38, "fields": {"name": "Can change box", "content_type": 10, "codename": "change_box"}}, {"model": "auth.permission", "pk": 39, "fields": {"name": "Can delete box", "content_type": 10, "codename": "delete_box"}}, {"model": "auth.permission", "pk": 40, "fields": {"name": "Can view box", "content_type": 10, "codename": "view_box"}}, {"model": "auth.permission", "pk": 41, "fields": {"name": "Can add box position", "content_type": 11, "codename": "add_boxposition"}}, {"model": "auth.permission", "pk": 42, "fields": {"name": "Can change box position", "content_type": 11, "codename": "change_boxposition"}}, {"model": "auth.permission", "pk": 43, "fields": {"name": "Can delete box position", "content_type": 11, "codename": "delete_boxposition"}}, {"model": "auth.permission", "pk": 44, "fields": {"name": "Can view box position", "content_type": 11, "codename": "view_boxposition"}}, {"model": "auth.permission", "pk": 45, "fields": {"name": "Can add player", "content_type": 12, "codename": "add_player"}}, {"model": "auth.permission", "pk": 46, "fields": {"name": "Can change player", "content_type": 12, "codename": "change_player"}}, {"model": "auth.permission", "pk": 47, "fields": {"name": "Can delete player", "content_type": 12, "codename": "delete_player"}}, {"model": "auth.permission", "pk": 48, "fields": {"name": "Can view player", "content_type": 12, "codename": "view_player"}}, {"model": "auth.permission", "pk": 49, "fields": {"name": "Can add play", "content_type": 13, "codename": "add_play"}}, {"model": "auth.permission", "pk": 50, "fields": {"name": "Can change play", "content_type": 13, "codename": "change_play"}}, {"model": "auth.permission", "pk": 51, "fields": {"name": "Can delete play", "content_type": 13, "codename": "delete_play"}}, {"model": "auth.permission", "pk": 52, "fields": {"name": "Can view play", "content_type": 13, "codename": "view_play"}}, {"model": "auth.permission", "pk": 53, "fields": {"name": "Can add character", "content_type": 14, "codename": "add_character"}}, {"model": "auth.permission", "pk": 54, "fields": {"name": "Can change character", "content_type": 14, "codename": "change_character"}}, {"model": "auth.permission", "pk": 55, "fields": {"name": "Can delete character", "content_type": 14, "codename": "delete_character"}}, {"model": "auth.permission", "pk": 56, "fields": {"name": "Can view character", "content_type": 14, "codename": "view_character"}}, {"model": "auth.user", "pk": 1, "fields": {"password": "pbkdf2_sha256$390000$iwIZ5Bq6kFyqKpJwMKe2Xr$oOVvl5m5TgAeE+WZmn4vBAaKyImnPiEuVrv5uM3szKA=", "last_login": "2023-03-24T19:12:52.205Z", "is_superuser": true, "username": "mikael", "first_name": "", "last_name": "", "email": "mikael.honkala@gmail.com", "is_staff": true, "is_active": true, "date_joined": "2023-03-24T19:12:14.938Z", "groups": [], "user_permissions": []}}, {"model": "contenttypes.contenttype", "pk": 1, "fields": {"app_label": "admin", "model": "logentry"}}, {"model": "contenttypes.contenttype", "pk": 2, "fields": {"app_label": "auth", "model": "permission"}}, {"model": "contenttypes.contenttype", "pk": 3, "fields": {"app_label": "auth", "model": "group"}}, {"model": "contenttypes.contenttype", "pk": 4, "fields": {"app_label": "auth", "model": "user"}}, {"model": "contenttypes.contenttype", "pk": 5, "fields": {"app_label": "contenttypes", "model": "contenttype"}}, {"model": "contenttypes.contenttype", "pk": 6, "fields": {"app_label": "sessions", "model": "session"}}, {"model": "contenttypes.contenttype", "pk": 7, "fields": {"app_label": "create", "model": "sheet"}}, {"model": "contenttypes.contenttype", "pk": 8, "fields": {"app_label": "create", "model": "game"}}, {"model": "contenttypes.contenttype", "pk": 9, "fields": {"app_label": "create", "model": "playbook"}}, {"model": "contenttypes.contenttype", "pk": 10, "fields": {"app_label": "create", "model": "box"}}, {"model": "contenttypes.contenttype", "pk": 11, "fields": {"app_label": "create", "model": "boxposition"}}, {"model": "contenttypes.contenttype", "pk": 12, "fields": {"app_label": "play", "model": "player"}}, {"model": "contenttypes.contenttype", "pk": 13, "fields": {"app_label": "play", "model": "play"}}, {"model": "contenttypes.contenttype", "pk": 14, "fields": {"app_label": "play", "model": "character"}}, {"model": "sessions.session", "pk": "1vbymco03nry50dnj9u0kuzn0yf2u7vi", "fields": {"session_data": ".eJxVjEEOwiAQRe_C2pCZQgFduvcMZBhAqgaS0q6MdzckXej2v_f-W3jat-L3nla_RHERKE6_WyB-pjpAfFC9N8mtbusS5FDkQbu8tZhe18P9OyjUy6jJWsigEdWcJsVgiFEHcKSNMxrPzhqbyUTkPAMygmYXgp5ChIykxOcLw6c3TA:1pfmqK:D8SST5XYXzerKGVLxh_Bf7neCKhxsIlWo3A3YQwtsm4", "expire_date": "2023-04-07T19:12:52.206Z"}}, {"model": "create.game", "pk": 1, "fields": {"name": "The Between"}}, {"model": "create.sheet", "pk": 2, "fields": {"game": 1, "name": "The American - Page 1", "image": "sheet_images/TheAmerican1_Pgm8PGT.pdf", "image_width": "595.00", "image_height": "842.00"}}, {"model": "create.sheet", "pk": 4, "fields": {"game": 1, "name": "The Reference", "image": "sheet_images/TB_Reference_Sheet_oMwUrbR.pdf", "image_width": "595.00", "image_height": "842.00"}}, {"model": "create.sheet", "pk": 5, "fields": {"game": 1, "name": "The American - Page 2", "image": "sheet_images/TheAmerican2_mSFCZgP.pdf", "image_width": "595.00", "image_height": "842.00"}}, {"model": "create.box", "pk": 28, "fields": {"name": "Name", "group": "0 - Basics", "sort_order": 1, "game": 1, "sheet": null, "kind": "text_field", "meta": null, "adjustable_width": true, "adjustable_height": false}}, {"model": "create.box", "pk": 29, "fields": {"name": "Look", "group": "0 - Basics", "sort_order": 2, "game": 1, "sheet": null, "kind": "text_field", "meta": null, "adjustable_width": true, "adjustable_height": false}}, {"model": "create.box", "pk": 30, "fields": {"name": "Vice", "group": "0 - Basics", "sort_order": 3, "game": 1, "sheet": null, "kind": "text_field", "meta": null, "adjustable_width": true, "adjustable_height": false}}, {"model": "create.box", "pk": 31, "fields": {"name": "Vitality", "group": "1 - Abilities", "sort_order": 1, "game": 1, "sheet": null, "kind": "number", "meta": null, "adjustable_width": false, "adjustable_height": false}}, {"model": "create.box", "pk": 32, "fields": {"name": "Composure", "group": "1 - Abilities", "sort_order": 2, "game": 1, "sheet": null, "kind": "number", "meta": null, "adjustable_width": false, "adjustable_height": false}}, {"model": "create.box", "pk": 33, "fields": {"name": "Reason", "group": "1 - Abilities", "sort_order": 3, "game": 1, "sheet": null, "kind": "number", "meta": null, "adjustable_width": false, "adjustable_height": false}}, {"model": "create.box", "pk": 34, "fields": {"name": "Presence", "group": "1 - Abilities", "sort_order": 4, "game": 1, "sheet": null, "kind": "number", "meta": null, "adjustable_width": false, "adjustable_height": false}}, {"model": "create.box", "pk": 35, "fields": {"name": "Sensitivity", "group": "1 - Abilities", "sort_order": 5, "game": 1, "sheet": null, "kind": "number", "meta": null, "adjustable_width": false, "adjustable_height": false}}, {"model": "create.box", "pk": 36, "fields": {"name": "Condition", "group": "2 - Conditions", "sort_order": null, "game": 1, "sheet": null, "kind": "text_field", "meta": null, "adjustable_width": true, "adjustable_height": false}}, {"model": "create.box", "pk": 37, "fields": {"name": "X", "group": "4 - XP", "sort_order": null, "game": 1, "sheet": null, "kind": "checkbox", "meta": null, "adjustable_width": false, "adjustable_height": false}}, {"model": "create.box", "pk": 38, "fields": {"name": "Increase an ability modifier by 1 (max +3)", "group": "5 - Advancements", "sort_order": null, "game": 1, "sheet": null, "kind": "checkbox", "meta": null, "adjustable_width": false, "adjustable_height": false}}, {"model": "create.box", "pk": 39, "fields": {"name": "Write a custom move for your character.", "group": "5 - Advancements", "sort_order": null, "game": 1, "sheet": null, "kind": "checkbox", "meta": null, "adjustable_width": false, "adjustable_height": false}}, {"model": "create.box", "pk": 40, "fields": {"name": "Item", "group": "6 - Personal Quarters", "sort_order": null, "game": 1, "sheet": null, "kind": "checkbox_and_text_field", "meta": null, "adjustable_width": true, "adjustable_height": false}}, {"model": "create.box", "pk": 41, "fields": {"name": "Did the hunters answer a Question?", "group": "3 - Dawn Questions", "sort_order": 1, "game": 1, "sheet": null, "kind": "checkbox", "meta": {"always_checked": true}, "adjustable_width": false, "adjustable_height": false}}, {"model": "create.box", "pk": 42, "fields": {"name": "Did the hunters resolve a Threat?", "group": "3 - Dawn Questions", "sort_order": 2, "game": 1, "sheet": null, "kind": "checkbox", "meta": {"always_checked": true}, "adjustable_width": false, "adjustable_height": false}}, {"model": "create.box", "pk": 43, "fields": {"name": "Did you experience an Echo in the Night?", "group": "3 - Dawn Questions", "sort_order": 3, "game": 1, "sheet": null, "kind": "checkbox", "meta": {"always_checked": true}, "adjustable_width": false, "adjustable_height": false}}, {"model": "create.box", "pk": 44, "fields": {"name": "Did you stick out in London society for all the wrong reasons?", "group": "3 - Dawn Questions", "sort_order": 4, "game": 1, "sheet": 2, "kind": "checkbox", "meta": null, "adjustable_width": false, "adjustable_height": false}}, {"model": "create.box", "pk": 45, "fields": {"name": "X", "group": "7 - The Mask of the Past", "sort_order": null, "game": 1, "sheet": null, "kind": "checkbox", "meta": null, "adjustable_width": false, "adjustable_height": false}}, {"model": "create.box", "pk": 46, "fields": {"name": "X", "group": "8 - The Mask of the Future", "sort_order": null, "game": 1, "sheet": null, "kind": "checkbox", "meta": null, "adjustable_width": false, "adjustable_height": false}}, {"model": "create.box", "pk": 47, "fields": {"name": "Notes", "group": "A - Notes", "sort_order": null, "game": 1, "sheet": null, "kind": "text_box", "meta": null, "adjustable_width": true, "adjustable_height": true}}, {"model": "create.boxposition", "pk": 17, "fields": {"sheet": 2, "box": 28, "left": "427.00", "top": "57.00", "width": "329.00", "height": "20.00"}}, {"model": "create.boxposition", "pk": 18, "fields": {"sheet": 2, "box": 29, "left": "404.00", "top": "89.00", "width": "210.00", "height": "20.00"}}, {"model": "create.boxposition", "pk": 19, "fields": {"sheet": 2, "box": 30, "left": "659.00", "top": "89.00", "width": "97.00", "height": "20.00"}}, {"model": "create.boxposition", "pk": 20, "fields": {"sheet": 2, "box": 36, "left": "516.00", "top": "446.00", "width": "238.00", "height": "20.00"}}, {"model": "create.boxposition", "pk": 21, "fields": {"sheet": 2, "box": 36, "left": "516.00", "top": "475.00", "width": "238.00", "height": "20.00"}}, {"model": "create.boxposition", "pk": 22, "fields": {"sheet": 2, "box": 36, "left": "516.00", "top": "504.00", "width": "238.00", "height": "20.00"}}, {"model": "create.boxposition", "pk": 23, "fields": {"sheet": 2, "box": 40, "left": "40.00", "top": "781.00", "width": "210.00", "height": "20.00"}}, {"model": "create.boxposition", "pk": 24, "fields": {"sheet": 2, "box": 38, "left": "516.00", "top": "927.00", "width": "12.00", "height": "12.00"}}, {"model": "create.boxposition", "pk": 25, "fields": {"sheet": 2, "box": 37, "left": "661.00", "top": "875.00", "width": "12.00", "height": "12.00"}}, {"model": "create.boxposition", "pk": 26, "fields": {"sheet": 2, "box": 31, "left": "522.00", "top": "327.00", "width": "35.00", "height": "35.00"}}, {"model": "create.boxposition", "pk": 27, "fields": {"sheet": 2, "box": 32, "left": "569.00", "top": "327.00", "width": "35.00", "height": "35.00"}}, {"model": "create.boxposition", "pk": 28, "fields": {"sheet": 2, "box": 33, "left": "617.00", "top": "327.00", "width": "35.00", "height": "35.00"}}, {"model": "create.boxposition", "pk": 29, "fields": {"sheet": 2, "box": 34, "left": "664.00", "top": "327.00", "width": "35.00", "height": "35.00"}}, {"model": "create.boxposition", "pk": 30, "fields": {"sheet": 2, "box": 35, "left": "712.00", "top": "327.00", "width": "35.00", "height": "35.00"}}, {"model": "create.boxposition", "pk": 31, "fields": {"sheet": 2, "box": 41, "left": "516.00", "top": "618.00", "width": "12.00", "height": "12.00"}}, {"model": "create.boxposition", "pk": 32, "fields": {"sheet": 2, "box": 42, "left": "516.00", "top": "639.00", "width": "12.00", "height": "12.00"}}, {"model": "create.boxposition", "pk": 33, "fields": {"sheet": 2, "box": 43, "left": "516.00", "top": "660.00", "width": "12.00", "height": "12.00"}}, {"model": "create.boxposition", "pk": 34, "fields": {"sheet": 2, "box": 44, "left": "516.00", "top": "682.00", "width": "12.00", "height": "12.00"}}, {"model": "create.boxposition", "pk": 35, "fields": {"sheet": 5, "box": 47, "left": "42.00", "top": "674.00", "width": "437.00", "height": "221.00"}}, {"model": "create.boxposition", "pk": 36, "fields": {"sheet": 5, "box": 45, "left": "516.00", "top": "198.00", "width": "12.00", "height": "12.00"}}, {"model": "create.boxposition", "pk": 37, "fields": {"sheet": 5, "box": 45, "left": "516.00", "top": "248.00", "width": "12.00", "height": "12.00"}}, {"model": "create.boxposition", "pk": 38, "fields": {"sheet": 5, "box": 45, "left": "516.00", "top": "286.00", "width": "12.00", "height": "12.00"}}, {"model": "create.boxposition", "pk": 39, "fields": {"sheet": 5, "box": 45, "left": "516.00", "top": "336.00", "width": "12.00", "height": "12.00"}}, {"model": "create.boxposition", "pk": 40, "fields": {"sheet": 5, "box": 45, "left": "516.00", "top": "373.00", "width": "12.00", "height": "12.00"}}, {"model": "create.boxposition", "pk": 41, "fields": {"sheet": 5, "box": 45, "left": "516.00", "top": "410.00", "width": "12.00", "height": "12.00"}}, {"model": "create.boxposition", "pk": 42, "fields": {"sheet": 5, "box": 45, "left": "516.00", "top": "460.00", "width": "12.00", "height": "12.00"}}, {"model": "create.boxposition", "pk": 43, "fields": {"sheet": 5, "box": 46, "left": "516.00", "top": "611.00", "width": "12.00", "height": "12.00"}}, {"model": "create.boxposition", "pk": 44, "fields": {"sheet": 5, "box": 46, "left": "516.00", "top": "690.00", "width": "12.00", "height": "12.00"}}, {"model": "create.boxposition", "pk": 45, "fields": {"sheet": 5, "box": 46, "left": "516.00", "top": "770.00", "width": "12.00", "height": "12.00"}}, {"model": "create.boxposition", "pk": 46, "fields": {"sheet": 5, "box": 46, "left": "516.00", "top": "820.00", "width": "12.00", "height": "12.00"}}, {"model": "create.boxposition", "pk": 47, "fields": {"sheet": 5, "box": 46, "left": "516.00", "top": "857.00", "width": "12.00", "height": "12.00"}}, {"model": "create.playbook", "pk": 1, "fields": {"game": 1, "name": "The American", "description": "A gun-slinger from America’s Wild West. They grew up with great privilege but abandoned it for the frontier life. Along the way, they picked up a curse that sometimes changes them into a feral beast. Throughout the game you’ll be exploring how they came to leave their privileged life and why they eventually fled to London.", "sheet1": 2, "sheet2": 5, "sheet3": 4}}, {"model": "play.play", "pk": 1, "fields": {"name": "The Army Trio", "game": 1}}, {"model": "play.play", "pk": 2, "fields": {"name": "Test Game", "game": 1}}, {"model": "play.player", "pk": 1, "fields": {"name": "Mikael"}}, {"model": "play.player", "pk": 2, "fields": {"name": "Julle"}}, {"model": "play.character", "pk": 1, "fields": {"play": 2, "player": 1, "playbook": 1, "values": {"17": "Canon Foder", "18": "Nasty", "19": "Gummy bears", "26": 2, "27": 0, "28": 0, "29": 1, "30": 0}}}]